content,source,topic
"topic: what is scoping in concepts of programming language | description: Scoping in programming languages refers to the context within which a variable is defined, declared, or referenced. It determines how long a variable exists in memory and its visibility to other parts of the program.  In Python, for instance, variables assigned with `x = 5` have a scope that extends beyond their declaration line. Later assignments like `y = x + 3` retain the value because Python creates new objects each time. This scoping is maintained even outside the initial assignment if vari | keywords: what is scoping in concepts of programming language",llm_generated,what is scoping in concepts of programming language
"topic: tell me about how gpu is helping on maching learning model training | description: GPUs significantly accelerate ML model training through their powerful computational capabilities. By performing parallel matrix operations that are central to neural networks, GPUs speed up the computation process. Each layer's millions of operations can be processed simultaneously on multiple GPUs, reducing training time. This efficiency allows models with many layers or large datasets to train faster than traditional CPUs, which typically handle tasks sequentially. GPU optimizations ensure ef | keywords: tell me about how gpu is helping on maching learning model training",llm_generated,tell me about how gpu is helping on maching learning model training
"topic: what is the ralationn between  pressuare and force | description: Pressure and force are closely related concepts in physics. Pressure is defined as force per unit area, which means it quantifies how much force is applied over a specific space. This relationship can be expressed as:  \[ \text{Pressure} = \frac{\text{Force}}{\text{Area}} \]  When you apply more force to an object with a small area, the pressure increases significantly because the same amount of force is spread over a tiny surface. Conversely, applying the same force on a larger area results in  | keywords: what is the ralationn between  pressuare and force",llm_generated,what is the ralationn between  pressuare and force
"topic: how we can use matrix and vector in terms of machine learning and deep learning | description: ### Using Matrices and Vectors in Machine Learning and Deep Learning: A Hands-On Approach  In machine learning (ML) and deep learning (DL), data is often represented using matrices and vectors, which allows for efficient manipulation and computation. These mathematical structures are essential because they enable algorithms to process large amounts of data and make predictions or decisions automatically.  #### Vectors in Machine Learning Vectors are one-dimensional arrays that can represent a si | keywords: how we can use matrix and vector in terms of machine learning and deep learning",llm_generated,how we can use matrix and vector in terms of machine learning and deep learning
"topic: tell me about array | description: Arrays are like baskets where you store things together. Imagine your bookshelf; when you add a new book, it goes neatly into the basket, and you don’t have to shift everything else because the size stays fixed. This makes arrays efficient for adding items at any position.  When working with numbers or other data, an array is like a list of positions where each number can be placed. For example: 1,2,3. To access this information, you’d say ""the first element"" (position 0) which is 1. Arrays are  | keywords: tell me about array",llm_generated,tell me about array
"topic: what is vector in terms of physics | description: Vectors in physics are essential for describing quantities that have both direction and magnitude. They can be thought of as arrows representing movement or force, with the length corresponding to magnitude and direction indicating how far and in which path something moved. For example, if a person pushes a box in one direction with a force, vectors show this push's strength (magnitude) and direction.  Vectors are particularly useful when multiple forces act on an object simultaneously. For inst | keywords: what is vector in terms of physics",llm_generated,what is vector in terms of physics
"topic: what is array in cs | description: In computer science, an array is like a container that holds multiple items in a structured way. Imagine organizing your favorite snacks on a plate; each snack is an element of the array. Arrays have a fixed size, meaning you can only add so many elements before needing to go back or forth (like scrolling through a list). They're great for holding various data types and making it easy to access any item by its position, like searching for your favorite snack quickly.  Arrays are super useful bec | keywords: what is array in cs",llm_generated,what is array in cs
"topic: what is linear regression in terms of maching learning | description: Linear regression in machine learning is a statistical technique used to predict a continuous outcome by finding the best fit line through data points. This model can be extended to handle multiple input features using multi-variable linear regression, where each feature has its own coefficient that contributes to the prediction.  ### Key Concepts: 1. **Equation**: Predicted value (y) is modeled as y = mx + b, where m and b are coefficients derived from data. 2. **Cost Function**: Used to measur | keywords: what is linear regression in terms of maching learning",llm_generated,what is linear regression in terms of maching learning
"topic: a | description: **Data Structure and Algorithm Exploration**  In today's digital world, understanding data structures and algorithms is fundamental for any programmer or computer scientist. These concepts are not just theoretical; they form the backbone of how information is organized and processed efficiently.  **Hands-On Approach: Exploring Sorting Algorithms**  To grasp sorting algorithms, let’s visualize the process using a simple example. Consider **bubble sort**, which works by repeatedly swapping adjacen | keywords: a",llm_generated,a
"topic: what is matrix dot product | description: The **matrix dot product** (also known as the Frobenius inner product) is a mathematical operation between two matrices of the same dimensions. Unlike element-wise multiplication, which multiplies each corresponding element from two matrices, the dot product involves summing the products of elements from corresponding rows and columns.  ### Example: Consider two 2x2 matrices A and B:  ``` A = - 1  2 -     - 3  4 -  B = - 5  6 -     - 7  8 -  The dot product of A and B is calculated as follows: - | keywords: what is matrix dot product",llm_generated,what is matrix dot product
